{
    "Total Num": 188,
    "Max Nodes": 28,
    "Max Edges": 66,
    "Max Diameter": 15,
    "Average Nodes": 17.930851063829788,
    "Average Edges": 39.58510638297872,
    "Average Diameters": 8.21808510638298,
    "Fractal Num": 177,
    "R² Abs Distribution": {
        ">= 0.05": 168,
        ">= 0.10": 168,
        ">= 0.15": 166,
        ">= 0.20": 165,
        ">= 0.25": 158,
        ">= 0.30": 152,
        ">= 0.35": 151,
        ">= 0.40": 151,
        ">= 0.45": 143,
        ">= 0.50": 141,
        ">= 0.55": 139,
        ">= 0.60": 136,
        ">= 0.65": 135,
        ">= 0.70": 123,
        ">= 0.75": 113,
        ">= 0.80": 107,
        ">= 0.85": 81,
        ">= 0.90": 77,
        ">= 0.95": 68
    },
    "Diameter Distribution": {
        ">= 1": 188,
        ">= 2": 188,
        ">= 3": 188,
        ">= 4": 188,
        ">= 5": 177,
        ">= 6": 147,
        ">= 7": 119,
        ">= 8": 89,
        ">= 9": 45,
        ">= 10": 19,
        ">= 11": 4,
        ">= 12": 2,
        ">= 13": 2,
        ">= 14": 1,
        ">= 15": 0
    }
}