{
    "Total Num": 1113,
    "Max Nodes": 620,
    "Max Edges": 2098,
    "Max Diameter": 64,
    "Average Nodes": 39.05750224618149,
    "Average Edges": 145.6316262353998,
    "Average Diameters": 11.562443845462713,
    "Fractal Num": 859,
    "R² Abs Distribution": {
        ">= 0.05": 858,
        ">= 0.10": 857,
        ">= 0.15": 855,
        ">= 0.20": 855,
        ">= 0.25": 855,
        ">= 0.30": 854,
        ">= 0.35": 853,
        ">= 0.40": 853,
        ">= 0.45": 852,
        ">= 0.50": 841,
        ">= 0.55": 836,
        ">= 0.60": 833,
        ">= 0.65": 821,
        ">= 0.70": 791,
        ">= 0.75": 753,
        ">= 0.80": 681,
        ">= 0.85": 531,
        ">= 0.90": 384,
        ">= 0.95": 203
    },
    "Diameter Distribution": {
        ">= 1": 1101,
        ">= 2": 1033,
        ">= 3": 979,
        ">= 4": 920,
        ">= 5": 859,
        ">= 6": 794,
        ">= 7": 720,
        ">= 8": 658,
        ">= 9": 592,
        ">= 10": 527,
        ">= 11": 465,
        ">= 12": 401,
        ">= 13": 347,
        ">= 14": 298,
        ">= 15": 268,
        ">= 16": 227,
        ">= 17": 200,
        ">= 18": 179,
        ">= 19": 157,
        ">= 20": 136,
        ">= 21": 118,
        ">= 22": 101,
        ">= 23": 86,
        ">= 24": 80,
        ">= 25": 71,
        ">= 26": 65,
        ">= 27": 56,
        ">= 28": 50,
        ">= 29": 44,
        ">= 30": 37,
        ">= 31": 32,
        ">= 32": 20,
        ">= 33": 18,
        ">= 34": 17,
        ">= 35": 13,
        ">= 36": 11,
        ">= 37": 10,
        ">= 38": 9,
        ">= 39": 7,
        ">= 40": 7,
        ">= 41": 6,
        ">= 42": 6,
        ">= 43": 4,
        ">= 44": 3,
        ">= 45": 2,
        ">= 46": 2,
        ">= 47": 2,
        ">= 48": 2,
        ">= 49": 2,
        ">= 50": 1,
        ">= 51": 1,
        ">= 52": 1,
        ">= 53": 1,
        ">= 54": 1,
        ">= 55": 1,
        ">= 56": 1,
        ">= 57": 1,
        ">= 58": 1,
        ">= 59": 1,
        ">= 60": 1,
        ">= 61": 1,
        ">= 62": 1,
        ">= 63": 1,
        ">= 64": 0
    }
}