{
    "Total Num": 4999,
    "Max Nodes": 3648,
    "Max Edges": 9566,
    "Max Diameter": 24,
    "Average Nodes": 508.51590318063614,
    "Average Edges": 1189.749149829966,
    "Average Diameters": 11.960992198439689,
    "Fractal Num": 4956,
    "R² Abs Distribution": {
        ">= 0.05": 4953,
        ">= 0.10": 4953,
        ">= 0.15": 4950,
        ">= 0.20": 4950,
        ">= 0.25": 4948,
        ">= 0.30": 4947,
        ">= 0.35": 4946,
        ">= 0.40": 4945,
        ">= 0.45": 4941,
        ">= 0.50": 4930,
        ">= 0.55": 4923,
        ">= 0.60": 4919,
        ">= 0.65": 4900,
        ">= 0.70": 4867,
        ">= 0.75": 4824,
        ">= 0.80": 4690,
        ">= 0.85": 4352,
        ">= 0.90": 3644,
        ">= 0.95": 1978
    },
    "Diameter Distribution": {
        ">= 1": 4999,
        ">= 2": 4999,
        ">= 3": 4999,
        ">= 4": 4986,
        ">= 5": 4956,
        ">= 6": 4886,
        ">= 7": 4757,
        ">= 8": 4549,
        ">= 9": 4175,
        ">= 10": 3642,
        ">= 11": 2948,
        ">= 12": 2142,
        ">= 13": 1356,
        ">= 14": 754,
        ">= 15": 362,
        ">= 16": 159,
        ">= 17": 75,
        ">= 18": 31,
        ">= 19": 10,
        ">= 20": 5,
        ">= 21": 2,
        ">= 22": 1,
        ">= 23": 1,
        ">= 24": 0
    }
}