{
    "Total Num": 344,
    "Max Nodes": 109,
    "Max Edges": 216,
    "Max Diameter": 31,
    "Average Nodes": 25.558139534883722,
    "Average Edges": 51.924418604651166,
    "Average Diameters": 8.93313953488372,
    "Fractal Num": 279,
    "R² Abs Distribution": {
        ">= 0.05": 270,
        ">= 0.10": 269,
        ">= 0.15": 267,
        ">= 0.20": 267,
        ">= 0.25": 263,
        ">= 0.30": 260,
        ">= 0.35": 258,
        ">= 0.40": 252,
        ">= 0.45": 247,
        ">= 0.50": 242,
        ">= 0.55": 233,
        ">= 0.60": 225,
        ">= 0.65": 214,
        ">= 0.70": 198,
        ">= 0.75": 181,
        ">= 0.80": 159,
        ">= 0.85": 137,
        ">= 0.90": 121,
        ">= 0.95": 109
    },
    "Diameter Distribution": {
        ">= 1": 343,
        ">= 2": 337,
        ">= 3": 321,
        ">= 4": 296,
        ">= 5": 279,
        ">= 6": 235,
        ">= 7": 182,
        ">= 8": 157,
        ">= 9": 131,
        ">= 10": 98,
        ">= 11": 76,
        ">= 12": 51,
        ">= 13": 40,
        ">= 14": 28,
        ">= 15": 25,
        ">= 16": 19,
        ">= 17": 17,
        ">= 18": 14,
        ">= 19": 13,
        ">= 20": 13,
        ">= 21": 11,
        ">= 22": 9,
        ">= 23": 8,
        ">= 24": 6,
        ">= 25": 6,
        ">= 26": 5,
        ">= 27": 3,
        ">= 28": 3,
        ">= 29": 2,
        ">= 30": 1,
        ">= 31": 0
    }
}